{

"results": {
    "collection1": [
      {
        "property1": {
          "href": "http://www.thcfinder.com/marijuana-dispensary/california/rancho+cucamonga/trinity-604/",
          "text": "Trinity 604"
        },
        "property2": [
          "9375 Archibald Ave #604",
          "Rancho Cucamonga",
          "91730",
          "California",
          "9096805209"
        ],
        "property3": ""
      },
      {
        "property1": {
          "href": "http://www.thcfinder.com/marijuana-dispensary/washington/auburn/militaryroadholistic-50-1-4oz/",
          "text": "MilitaryRoadHolistic $50 1/4OZ"
        },
        "property2": [
          "34049 Military Road South",
          "Auburn",
          "98001",
          "Washington",
          "253-929-6861"
        ],
        "property3": ""
      },
      {
        "property1": {
          "href": "http://www.thcfinder.com/marijuana-dispensary/california/van+nuys/red-moon/",
          "text": "Red Moon"
        },
        "property2": [
          "14350 Oxnard St",
          "Van Nuys",
          "91401",
          "California",
          "(818) 997-6912"
        ],
        "property3": ""
      },
      {
        "property1": {
          "href": "http://www.thcfinder.com/marijuana-dispensary/california/temecula/secure-compassionate-care/",
          "text": "SCC Delivery 951-444-5737"
        },
        "property2": [
          "Temecula",
          "California",
          "(951) 444-5737"
        ],
        "property3": "4/20 Weekend Specials\nAll Top shelf:\n8 Grams $70\n15 Grams for $120\nFirst time Patients 1 Free gram Kief"
      },
      {
        "property1": {
          "href": "http://www.thcfinder.com/marijuana-dispensary/oregon/portland/herbal-wonders-pdx/",
          "text": "Herbal Wonders Pdx"
        },
        "property2": [
          "6230 NE Halsey St. suite 420",
          "portland",
          "97213",
          "Oregon",
          "(901) 355-5962"
        ],
        "property3": ""
      },
      {
        "property1": {
          "href": "http://www.thcfinder.com/marijuana-dispensary/oregon/tri-city%2Fmyrtle+creek/better-daze-llc/",
          "text": "Better Daze LLC"
        },
        "property2": [
          "1354 North Old Pacific Hwy",
          "Tri-City/Myrtle Creek",
          "97457",
          "Oregon",
          "(541) 530-4555"
        ],
        "property3": "We Offer: Great Med's at a low cost to Patients, Edible Treats,\nButter to go home and cook with. Glass and Other Items ."
      },
      {
        "property1": {
          "href": "http://www.thcfinder.com/marijuana-dispensary/michigan/canton/green-leaf-care-center/",
          "text": "GREEN LEAF CARE CENTER"
        },
        "property2": [
          "5820 N. Canton Center Road",
          "Canton",
          "48187",
          "Michigan",
          "(734) 667-3102"
        ],
        "property3": ""
      },
      {
        "property1": {
          "href": "http://www.thcfinder.com/marijuana-dispensary/california/anaheim/safe-access-gkc/",
          "text": "Safe Access GKC"
        },
        "property2": [
          "2006 W Lincoln Ave",
          "Anaheim",
          "92801",
          "California",
          "714-818-8922"
        ],
        "property3": ""
      },
      {
        "property1": {
          "href": "http://www.thcfinder.com/marijuana-dispensary/california/san+pedro%2C+palos+verdes%2C+rpv+%2B/sunken-city-delivery/",
          "text": "Ocean Grown Collective"
        },
        "property2": [
          "San Pedro, Palos Verdes, RPV +",
          "90731",
          "California",
          "(707) 382-6051"
        ],
        "property3": ""
      },
      {
        "property1": {
          "href": "http://www.thcfinder.com/marijuana-dispensary/california/riverside/dutch-house-collective/",
          "text": "DUTCH HOUSE COLLECTIVE"
        },
        "property2": [
          "5348 MISSION BLV",
          "RIVERSIDE",
          "92509",
          "California",
          "951-823-0660"
        ],
        "property3": ""
      },
      {
        "property1": {
          "href": "http://www.thcfinder.com/marijuana-dispensary/california/santa+ana/dankclub/",
          "text": "DankClub"
        },
        "property2": [
          "606 S. Harbor Blvd",
          "Santa Ana",
          "92704",
          "California",
          "(657) 269-1317"
        ],
        "property3": ""
      },
      {
        "property1": {
          "href": "http://www.thcfinder.com/marijuana-dispensary/california/santa+ana/ultimate-farm-organics/",
          "text": "Ultimate Farm Organics"
        },
        "property2": [
          "1111 E. 4th st.",
          "santa ana",
          "92701",
          "California",
          "(949) 791-9317"
        ],
        "property3": ""
      },
      {
        "property1": {
          "href": "http://www.thcfinder.com/marijuana-dispensary/california/santa+ana/organix-buy-1-8th-get-1-8th-free/",
          "text": "Organix - *BUY 1/8TH GET 1/8TH FREE*"
        },
        "property2": [
          "1640 E First St, Unit D",
          "Santa Ana",
          "92701",
          "California",
          "714-631-0425"
        ],
        "property3": ""
      },
      {
        "property1": {
          "href": "http://www.thcfinder.com/marijuana-dispensary/washington/snohomish/a-green-cure-snohomish/",
          "text": "A GREEN CURE Snohomish"
        },
        "property2": [
          "8501 168th ST. SE Suite C",
          "Snohomish",
          "98296",
          "Washington",
          "360-863-3529"
        ],
        "property3": ""
      },
      {
        "property1": {
          "href": "http://www.thcfinder.com/marijuana-dispensary/california/shasta+lake+city/mocanna-collective/",
          "text": "Mocanna Collective"
        },
        "property2": [
          "4853 Shasta Dam Blvd",
          "Shasta Lake City",
          "96019",
          "California",
          "(530) 921-4003"
        ],
        "property3": ""
      },
      {
        "property1": {
          "href": "http://www.thcfinder.com/marijuana-dispensary/california/san+diego/organic-roots-open-til-1am-everyday/",
          "text": "Organic Roots OPEN TIL 1AM EVERYDAY!"
        },
        "property2": [
          "2603 University Ave",
          "San Diego",
          "92104",
          "California",
          "619-255-6409"
        ],
        "property3": ""
      },
      {
        "property1": {
          "href": "http://www.thcfinder.com/marijuana-dispensary/california/upland/cloud-9-meds/",
          "text": "CLOUD 9 MEDS"
        },
        "property2": [
          "Delivery Only",
          "Upland",
          "91786",
          "California",
          "(909) 333-8158"
        ],
        "property3": ""
      },
      {
        "property1": {
          "href": "http://www.thcfinder.com/marijuana-dispensary/california/los+angeles/amg-ftp-free-1-8th/",
          "text": "AMG FTP FREE 1/8TH"
        },
        "property2": [
          "641 N. Sepulveda Blvd. Suite 200",
          "Los Angeles",
          "90049",
          "California",
          "310-476-0222"
        ],
        "property3": ""
      },
      {
        "property1": {
          "href": "http://www.thcfinder.com/marijuana-dispensary/california/van+nuys/organic-studio-1-8th4gs-d.o.g.os/",
          "text": "ORGANIC STUDIO 1/8TH=4G'S! D.O.G.O'S!"
        },
        "property2": [
          "6309 Van Nuys Blvd # 101",
          "Van Nuys",
          "91401",
          "California",
          "818-646-1190"
        ],
        "property3": ""
      },
      {
        "property1": {
          "href": "http://www.thcfinder.com/marijuana-dispensary/california/covina/budsrus-delivery/",
          "text": "Buds-R-Us Delivery"
        },
        "property2": [
          "Deliveries Only",
          "Covina",
          "91722",
          "California",
          "562-968-8033"
        ],
        "property3": ""
      },
      {
        "property1": {
          "href": "http://www.thcfinder.com/hemp-shops-and-fashions/mi/wixom/the-710-kan/",
          "text": "THE 710 KAN"
        },
        "property2": [
          "PO Box 930072",
          "Wixom",
          "48393",
          "(800) 592-0133"
        ],
        "property3": ""
      },
      {
        "property1": {
          "href": "http://www.thcfinder.com/marijuana-dispensary/oregon/phoenix/thegreenery/",
          "text": "TheGreenery"
        },
        "property2": [
          "310 N. Main St. Suite G",
          "Phoenix",
          "97535",
          "Oregon",
          "(541) 535-5100"
        ],
        "property3": ""
      },
      {
        "property1": {
          "href": "http://www.thcfinder.com/marijuana-dispensary/california/thousand+oaks/emerald-avenue-grand-opening-free-shatter/",
          "text": "Emerald Avenue (GRAND OPENING: FREE SHATTER)"
        },
        "property2": [
          "Delivery Only",
          "Thousand Oaks",
          "91361",
          "California",
          "8056606170"
        ],
        "property3": ""
      },
      {
        "property1": {
          "href": "http://www.thcfinder.com/marijuana-dispensary/california/culver+city/venice-medical-center-45-friday-open-till-midnight-voted-1-in-la/",
          "text": "Venice Medical Center - 45 FRIDAY OPEN TILL MIDNIGHT- Voted #1 in LA"
        },
        "property2": [
          "9636 Venice Blvd suite A",
          "Culver City",
          "90232",
          "California",
          "(424) 603-2133"
        ],
        "property3": ""
      },
      {
        "property1": {
          "href": "http://www.thcfinder.com/marijuana-dispensary/california/anaheim/anaheim-healing-center/",
          "text": "Anaheim Healing Center"
        },
        "property2": [
          "126 N. Brookhurst Street",
          "Anaheim",
          "92801",
          "California",
          "(714)760-3745"
        ],
        "property3": ""
      },
      {
        "property1": {
          "href": "http://www.thcfinder.com/marijuana-dispensary/california/van+nuys/always-420-forever-710/",
          "text": "Always 420 Forever 710"
        },
        "property2": [
          "16119 1/2 Sherman Way",
          "Van Nuys",
          "91406",
          "California",
          "818-616-4759"
        ],
        "property3": ""
      },
      {
        "property1": {
          "href": "http://www.thcfinder.com/marijuana-dispensary/california/van+nuys/van-nuys-wellness-center-/",
          "text": "Van Nuys Wellness Center"
        },
        "property2": [
          "6710 Van Nuys blvd",
          "Van Nuys",
          "91405",
          "California",
          "(818) 786-0306"
        ],
        "property3": ""
      },
      {
        "property1": {
          "href": "http://www.thcfinder.com/marijuana-dispensary/california/sacramento/abatin-wellness-center/",
          "text": "Abatin Wellness Center"
        },
        "property2": [
          "2100 29th Street",
          "Sacramento",
          "95817",
          "California",
          "(916) 822-5699"
        ],
        "property3": ""
      },
      {
        "property1": {
          "href": "http://www.thcfinder.com/hydroponics-shops/michigan/lansing/grow-room-builders-in-lansing/",
          "text": "Grow Room Builders in Lansing"
        },
        "property2": [
          "606 Baker St.",
          "Lansing",
          "48910",
          "Michigan",
          "(517) 483-3957"
        ],
        "property3": ""
      },
      {
        "property1": {
          "href": "http://www.thcfinder.com/smoke-shops/colorado/denver/jims-smoke-shop/",
          "text": "Jims Smoke Shop"
        },
        "property2": [
          "600 Main St",
          "denver",
          "80012",
          "Colorado",
          "(213) 321-1234"
        ],
        "property3": ""
      },
      {
        "property1": {
          "href": "http://www.thcfinder.com/marijuana-dispensary/california/toluca+lake/apc-associated-patients-collective/",
          "text": "APC - Associated Patients Collective"
        },
        "property2": [
          "10714 1/4 Riverside Drive",
          "Toluca Lake",
          "91602",
          "California",
          "(818) 761-1557"
        ],
        "property3": ""
      },
      {
        "property1": {
          "href": "http://www.thcfinder.com/marijuana-dispensary/california/santa+ana/wax-gone-wild/",
          "text": "Wax Gone Wild"
        },
        "property2": [
          "1815 S. Main St",
          "SANTA ANA",
          "92707",
          "California",
          "714-905-2203"
        ],
        "property3": ""
      },
      {
        "property1": {
          "href": "http://www.thcfinder.com/marijuana-dispensary/california/santa+ana/tree-house-30-cap..-all-girls-collective/",
          "text": "Tree House $30 CAP.. ALL GIRLS COLLECTIVE!!"
        },
        "property2": [
          "1145 W 17th Street",
          "Santa Ana",
          "92706",
          "California",
          "7146787275"
        ],
        "property3": ""
      },
      {
        "property1": {
          "href": "http://www.thcfinder.com/marijuana-dispensary/california/san+bernardino/green-hornet-inc./",
          "text": "GREEN HORNET INC."
        },
        "property2": [
          "231 SOUTH I ST",
          "SAN BERNARDINO",
          "92410",
          "California",
          "909-332-7720"
        ],
        "property3": ""
      },
      {
        "property1": {
          "href": "http://www.thcfinder.com/medical-marijuana-clinics/california/san+francisco/mmj-doctor-san-francisco/",
          "text": "MMJ Doctor - San Francisco"
        },
        "property2": [
          "1884 market street",
          "San Francisco",
          "94102",
          "California",
          "(415) 554-0171"
        ],
        "property3": ""
      },
      {
        "property1": {
          "href": "http://www.thcfinder.com/marijuana-dispensary/california/san+jose/the-leaf-lab/",
          "text": "The Leaf Lab"
        },
        "property2": [
          "847 Commercial St.",
          "San Jose",
          "95112",
          "California",
          "(408) 634-5323"
        ],
        "property3": ""
      },
      {
        "property1": {
          "href": "http://www.thcfinder.com/marijuana-dispensary/california/west+hollywood/ahhsweho-alternative-herbal-health-services/",
          "text": "AHHSWEHO (Alternative Herbal Health Services)"
        },
        "property2": [
          "7828 Santa Monica Blvd.",
          "West Hollywood",
          "90046",
          "California",
          "(323) 654-8792"
        ],
        "property3": ""
      },
      {
        "property1": {
          "href": "http://www.thcfinder.com/marijuana-dispensary/california/sunnyvale/peninsula-greens-last-call-9pm/",
          "text": "Peninsula Greens ***Last Call 9PM***"
        },
        "property2": [
          "Deliveries Only",
          "Sunnyvale",
          "94087",
          "California",
          "(650) 897-4574"
        ],
        "property3": ""
      },
      {
        "property1": {
          "href": "http://www.thcfinder.com/marijuana-dispensary/california/sacramento/green-rush-direct/",
          "text": "Green Rush Direct"
        },
        "property2": [
          "Citrus Heights",
          "Sacramento",
          "95610",
          "California",
          "916-459-6917"
        ],
        "property3": ""
      },
      {
        "property1": {
          "href": "http://www.thcfinder.com/smoke-shops/new-jersey/east+brunswick/just4smokers/",
          "text": "Just4Smokers"
        },
        "property2": [
          "272 Route 18",
          "East Brunswick",
          "08816",
          "New Jersey",
          "(915) 247-6653"
        ],
        "property3": ""
      },
      {
        "property1": {
          "href": "http://www.thcfinder.com/hydroponics-shops/michigan/coopersville/lets-grow-hydroponic-and-garden-supplies/",
          "text": "Let's Grow Hydroponic and Garden Supplies"
        },
        "property2": [
          "1141 W. Randall",
          "Coopersville",
          "49404",
          "Michigan",
          "(616) 997-0420"
        ],
        "property3": ""
      },
      {
        "property1": {
          "href": "http://www.thcfinder.com/marijuana-dispensary/california/norco%2C+corona/caliccg-/",
          "text": "CaliCCG"
        },
        "property2": [
          "Norco, Corona",
          "California",
          "(949) 324-4308"
        ],
        "property3": ""
      },
      {
        "property1": {
          "href": "http://www.thcfinder.com/marijuana-dispensary/washington/shoreline/a-green-cure-shoreline/",
          "text": "A GREEN CURE (Shoreline)"
        },
        "property2": [
          "910 N. 145th St.",
          "Shoreline",
          "98133",
          "Washington",
          "206-466-1264"
        ],
        "property3": ""
      },
      {
        "property1": {
          "href": "http://www.thcfinder.com/marijuana-dispensary/california/dublin/tastebudz/",
          "text": "TASTEBUDZ"
        },
        "property2": [
          "DUBLIN",
          "California",
          "415-240-1133"
        ],
        "property3": ""
      },
      {
        "property1": {
          "href": "http://www.thcfinder.com/marijuana-dispensary/california/corona/5-gram-1-8th-f.t.p-hurry-in/",
          "text": "5 GRAM 1/8TH F.T.P!!!! HURRY IN!!!"
        },
        "property2": [
          "13490 Magnolia Ave",
          "Corona",
          "92879",
          "California",
          "(951) 356-5212"
        ],
        "property3": ""
      },
      {
        "property1": {
          "href": "http://www.thcfinder.com/marijuana-dispensary/california/van+nuys/vnhc-the-best-35-cap-in-the-valley/",
          "text": "VNHC -THE BEST $35 CAP IN THE VALLEY!!"
        },
        "property2": [
          "15333 Sherman Way Unit G",
          "Van Nuys",
          "91406",
          "California",
          "818-786-2707"
        ],
        "property3": ""
      },
      {
        "property1": {
          "href": "http://www.thcfinder.com/marijuana-dispensary/california/santa+ana/off-broadway-collective-45cap-sc-lab-results/",
          "text": "Off Broadway Collective *** 45CAP!! SC LAB RESULTS"
        },
        "property2": [
          "1212 N. BROADWAY, SUITE 121",
          "SANTA ANA",
          "92701",
          "California",
          "714-483-7088"
        ],
        "property3": ""
      },
      {
        "property1": {
          "href": "http://www.thcfinder.com/marijuana-dispensary/california/pasadena/quality-green-four-point-five-eighths/",
          "text": "Quality Green Four Point Five Eighths"
        },
        "property2": [
          "Pasadena",
          "Pasadena",
          "91106",
          "California",
          "(626) 421-3167"
        ],
        "property3": ""
      },
      {
        "property1": {
          "href": "http://www.thcfinder.com/marijuana-dispensary/washington/tacoma/green-collar-club/",
          "text": "Green Collar Club"
        },
        "property2": [
          "10422 Pacific Ave South Suite B",
          "Tacoma",
          "98444",
          "Washington",
          "253-267-0675"
        ],
        "property3": ""
      },
      {
        "property1": {
          "href": "http://www.thcfinder.com/marijuana-dispensary/california/palm+springs/dam130oz-blue-hawaiian/",
          "text": "DAM!***$130oz Blue Hawaiian***"
        },
        "property2": [
          "DELIVERIES ONLY",
          "Palm Springs",
          "92262",
          "California",
          "760-288-5788"
        ],
        "property3": ""
      },
      {
        "property1": {
          "href": "http://www.thcfinder.com/smoke-shops/michigan/cadillac/tiki-hut-headshop/",
          "text": "Tiki Hut Headshop"
        },
        "property2": [
          "1632 N Mitchell St",
          "Cadillac",
          "49601",
          "Michigan",
          "(231) 468-3168"
        ],
        "property3": ""
      },
      {
        "property1": {
          "href": "http://www.thcfinder.com/hemp-shops-and-fashions/wa/lynnwood/solid-apollo-led/",
          "text": "Solid Apollo LED"
        },
        "property2": [
          "2125 196 St SW Suite 112",
          "Lynnwood",
          "98036",
          "(425) 582-7533"
        ],
        "property3": ""
      },
      {
        "property1": {
          "href": "http://www.thcfinder.com/marijuana-dispensary/california/vista/vista-holistic-greens/",
          "text": "Vista Holistic Greens"
        },
        "property2": [
          "1*** South Santa Fe Ave",
          "Vista",
          "92083",
          "California",
          "7609338285"
        ],
        "property3": ""
      },
      {
        "property1": {
          "href": "http://www.thcfinder.com/marijuana-dispensary/california/los+angeles/ufc-/",
          "text": "UFC"
        },
        "property2": [
          "4434 Eagle Rock Blvd.",
          "Los Angeles",
          "90041",
          "California",
          "(818) 221-5348"
        ],
        "property3": ""
      },
      {
        "property1": {
          "href": "http://www.thcfinder.com/marijuana-dispensary/california/pacific+beach/patient-med-aid-sd-45-cap-140-oz/",
          "text": "Patient Med Aid SD ($45 CAP, $140 Oz)"
        },
        "property2": [
          "2015 Garnet Avenue Suite 104B (WE SHARE A WALL WITH SMOKE ZONE)",
          "Pacific Beach",
          "92109",
          "California",
          "(858) 405-6914"
        ],
        "property3": ""
      },
      {
        "property1": {
          "href": "http://www.thcfinder.com/marijuana-dispensary/california/santa+ana/perfect-getaway/",
          "text": "Perfect Getaway"
        },
        "property2": [
          "1465 S Main St.",
          "Santa Ana",
          "92707",
          "California",
          "714-425-4531"
        ],
        "property3": ""
      },
      {
        "property1": {
          "href": "http://www.thcfinder.com/marijuana-dispensary/california/el+cajon/green-vine-walkin-only/",
          "text": "Green Vine \"WALK-IN ONLY\""
        },
        "property2": [
          "6957 El Cajon Blvd. #106",
          "El Cajon",
          "92115",
          "California",
          "619-741-0380"
        ],
        "property3": ""
      },
      {
        "property1": {
          "href": "http://www.thcfinder.com/marijuana-dispensary/california/san+diego/mj-wellness/",
          "text": "MJ Wellness"
        },
        "property2": [
          "6575 El Cajon Blvd",
          "san diego",
          "92115",
          "California",
          "619-326-8288"
        ],
        "property3": ""
      },
      {
        "property1": {
          "href": "http://www.thcfinder.com/marijuana-dispensary/california/north+park/bogo-boys/",
          "text": "BOGO BOYS"
        },
        "property2": [
          "Delivery Only",
          "NORTH PARK",
          "92104",
          "California",
          "(619) 956-6376"
        ],
        "property3": ""
      },
      {
        "property1": {
          "href": "http://www.thcfinder.com/marijuana-dispensary/oregon/portland/organic-medical-cannabis-club-/",
          "text": "Organic Medical Cannabis Club"
        },
        "property2": [
          "3500 NE 82nd AVE",
          "Portland",
          "97220",
          "Oregon",
          "(503) 254-1123"
        ],
        "property3": ""
      },
      {
        "property1": {
          "href": "http://www.thcfinder.com/marijuana-dispensary/washington/seattle/the-solution-north-seattle/",
          "text": "The Solution North Seattle"
        },
        "property2": [
          "14343 15th Ave NE",
          "Seattle",
          "98125",
          "Washington",
          "206-364-1226"
        ],
        "property3": ""
      },
      {
        "property1": {
          "href": "http://www.thcfinder.com/marijuana-dispensary/california/van+nuys/jollybuds/",
          "text": "JollyBuds"
        },
        "property2": [
          "6629 Van Nuys Blvd.",
          "Van Nuys",
          "91405",
          "California",
          "8187792070"
        ],
        "property3": ""
      },
      {
        "property1": {
          "href": "http://www.thcfinder.com/marijuana-dispensary/california/city+of+industry/house-of-wax-free-gram-og/",
          "text": "HOUSE OF WAX FREE GRAM OG"
        },
        "property2": [
          "Delivery Service",
          "City of Industry",
          "91748",
          "California",
          "(626) 626-0893"
        ],
        "property3": ""
      },
      {
        "property1": {
          "href": "http://www.thcfinder.com/marijuana-dispensary/california/los+angeles/mr-nice-guy-preico/",
          "text": "MR NICE GUY (PRE-ICO)"
        },
        "property2": [
          "1126 S. Los Angeles St. Unit B",
          "LOS ANGELES",
          "90015",
          "California",
          "213-273-4543"
        ],
        "property3": ""
      },
      {
        "property1": {
          "href": "http://www.thcfinder.com/marijuana-dispensary/california/escondido/bay-leaf-wellness/",
          "text": "Bay Leaf Wellness"
        },
        "property2": [
          "Please call to verify for verification.",
          "Escondido",
          "92025",
          "California",
          "760-975-3767"
        ],
        "property3": ""
      },
      {
        "property1": {
          "href": "http://www.thcfinder.com/marijuana-dispensary/oregon/portland/cannadaddys-wellness-center/",
          "text": "Canna-Daddy’s Wellness Center"
        },
        "property2": [
          "16955 SE Division",
          "Portland",
          "97236",
          "Oregon",
          "971-279-4932"
        ],
        "property3": ""
      },
      {
        "property1": {
          "href": "http://www.thcfinder.com/smoke-shops/california/royal+oak/fyounk-collective/",
          "text": "FyouNK Collective"
        },
        "property2": [
          "327 East 4th Street",
          "Royal Oak",
          "48067",
          "California",
          "(248) 565-8463"
        ],
        "property3": ""
      },
      {
        "property1": {
          "href": "http://www.thcfinder.com/marijuana-dispensary/washington/lacey/axis-natural-therapy-center/",
          "text": "Axis Natural Therapy Center"
        },
        "property2": [
          "4127 Pacific ave",
          "Lacey",
          "98503",
          "Washington",
          "(360) 915-6004"
        ],
        "property3": ""
      },
      {
        "property1": {
          "href": "http://www.thcfinder.com/marijuana-dispensary/washington/tacoma/chronic-solutions-coop-delivery/",
          "text": "Chronic Solutions Co-Op Delivery"
        },
        "property2": [
          "Delivery",
          "Tacoma",
          "98047",
          "Washington",
          "253-447-7480"
        ],
        "property3": ""
      },
      {
        "property1": {
          "href": "http://www.thcfinder.com/marijuana-dispensary/california/oceanside/modern-medicine-delivery-/",
          "text": "Modern Medicine Delivery:"
        },
        "property2": [
          "OCEANSIDE CA",
          "OCEANSIDE",
          "92054",
          "California",
          "7605754020"
        ],
        "property3": ""
      },
      {
        "property1": {
          "href": "http://www.thcfinder.com/hemp-shops-and-fashions/arizona/phoenix/green-scene-marketing/",
          "text": "Green Scene Marketing"
        },
        "property2": [
          "3217 E Shea Blvd #465",
          "Phoenix",
          "85028",
          "Arizona",
          "(877) 641-7872"
        ],
        "property3": ""
      },
      {
        "property1": {
          "href": "http://www.thcfinder.com/marijuana-dispensary/washington/seattle/a-greener-today-north-shoreline-/",
          "text": "A Greener Today North ( Shoreline )"
        },
        "property2": [
          "16053 Aurora Ave N Suite B",
          "Seattle",
          "98133",
          "Washington",
          "206-801-7756"
        ],
        "property3": ""
      },
      {
        "property1": {
          "href": "http://www.thcfinder.com/marijuana-dispensary/california/anaheim/bikini-ball-collective-/",
          "text": "Bikini Ball Collective"
        },
        "property2": [
          "1210 S. State College Unit D ( entrance next to hooka lounge)",
          "Anaheim",
          "92806",
          "California",
          "714-586-1576"
        ],
        "property3": ""
      },
      {
        "property1": {
          "href": "http://www.thcfinder.com/marijuana-dispensary/california/san+diego/ca-holistics-top-shelf-45-cap-best-shop/",
          "text": "CA Holistics TOP SHELF $45 CAP! BEST SHOP!"
        },
        "property2": [
          "7976 Engineer Road",
          "SAN DIEGO",
          "92111",
          "California",
          "858-779-1800"
        ],
        "property3": ""
      },
      {
        "property1": {
          "href": "http://www.thcfinder.com/marijuana-dispensary/california/van+nuys/van-nuys-patient-care/",
          "text": "Van Nuys Patient Care"
        },
        "property2": [
          "14526 Sherman Way #C",
          "Van Nuys",
          "91405",
          "California",
          "818-916-6012"
        ],
        "property3": ""
      },
      {
        "property1": {
          "href": "http://www.thcfinder.com/marijuana-dispensary/washington/n.+tacoma/natures-resource-center-open-til-10pm/",
          "text": "Natures Resource Center Open Til 10pm"
        },
        "property2": [
          "3833 Pacific Ave Suite C",
          "N. Tacoma",
          "98418",
          "Washington",
          "253-572-5544"
        ],
        "property3": ""
      },
      {
        "property1": {
          "href": "http://www.thcfinder.com/marijuana-dispensary/washington/seattle/the-solution-aurora/",
          "text": "The Solution Aurora"
        },
        "property2": [
          "12230 Aurora Ave N",
          "Seattle",
          "98133",
          "Washington",
          "206-687-7780"
        ],
        "property3": ""
      },
      {
        "property1": {
          "href": "http://www.thcfinder.com/marijuana-dispensary/no-state/san+diego/green-rush-delivery/",
          "text": "Green Rush Delivery"
        },
        "property2": [
          "6747 friars rd",
          "san diego",
          "92108",
          "619-252-1538"
        ],
        "property3": ""
      },
      {
        "property1": {
          "href": "http://www.thcfinder.com/marijuana-dispensary/california/los+angeles/rx-to-go-preico/",
          "text": "RX TO GO PRE-ICO"
        },
        "property2": [
          "6074 York Blvd",
          "Los Angeles",
          "90042",
          "California",
          "1st.626-379-8235 I"
        ],
        "property3": ""
      },
      {
        "property1": {
          "href": "http://www.thcfinder.com/marijuana-dispensary/california/san+diego/golden-gate-/",
          "text": "Golden Gate"
        },
        "property2": [
          "3636 University Ave.",
          "San Diego",
          "92104",
          "California",
          "619-606-4971"
        ],
        "property3": ""
      },
      {
        "property1": {
          "href": "http://www.thcfinder.com/marijuana-dispensary/california/vallejo/eartheart-of-vallejo/",
          "text": "Eartheart of Vallejo"
        },
        "property2": [
          "310 Tennessee St",
          "Vallejo",
          "94590",
          "California",
          "(707) 652-2740"
        ],
        "property3": ""
      },
      {
        "property1": {
          "href": "http://www.thcfinder.com/marijuana-dispensary/arizona/tempe/swc-tempe-state-licensed-dispensary-/",
          "text": "SWC Tempe State Licensed Dispensary"
        },
        "property2": [
          "2009 East 5th St Suite 11",
          "Tempe",
          "85281",
          "Arizona",
          "480-245-6751"
        ],
        "property3": ""
      },
      {
        "property1": {
          "href": "http://www.thcfinder.com/marijuana-dispensary/california/anaheim/anaheim-wholesale-/",
          "text": "ANAHEIM WHOLESALE"
        },
        "property2": [
          "1842 west Lincoln ave. UNIT G",
          "Anaheim",
          "92801",
          "California",
          "7146434677"
        ],
        "property3": ""
      },
      {
        "property1": {
          "href": "http://www.thcfinder.com/marijuana-dispensary/california/sylmar/sylmar-wellness-center/",
          "text": "SYLMAR WELLNESS CENTER"
        },
        "property2": [
          "12777 San Fernando Rd. Unit 10",
          "Sylmar",
          "91342",
          "California",
          "(747) 800-7799"
        ],
        "property3": ""
      },
      {
        "property1": {
          "href": "http://www.thcfinder.com/marijuana-dispensary/california/los+angeles/weedmart-collective/",
          "text": "WEEDMART COLLECTIVE"
        },
        "property2": [
          "3413 S. SAN PEDRO ST",
          "LOS ANGELES",
          "90011",
          "California",
          "(213)949-1042"
        ],
        "property3": ""
      },
      {
        "property1": {
          "href": "http://www.thcfinder.com/marijuana-dispensary/california/santa+monica/caltrees-247-delivery-service/",
          "text": "CalTrees 24\\7 Delivery Service"
        },
        "property2": [
          "Delivery Only",
          "Santa Monica",
          "90405",
          "California",
          "(424) 256-8728"
        ],
        "property3": ""
      },
      {
        "property1": {
          "href": "http://www.thcfinder.com/marijuana-dispensary/california/van+nuys/universal-caregivers-inc./",
          "text": "UNIVERSAL CAREGIVERS INC."
        },
        "property2": [
          "13611 SHERMAN WAY",
          "VAN NUYS",
          "91405",
          "California",
          "(818)988-9333"
        ],
        "property3": ""
      },
      {
        "property1": {
          "href": "http://www.thcfinder.com/marijuana-dispensary/california/ventura/socals-choice/",
          "text": "SoCals Choice"
        },
        "property2": [
          "Express delivery to your doorstep! We bring the entire menu to you! Daily Specials!",
          "Ventura",
          "93004",
          "California",
          "888-420-3848"
        ],
        "property3": ""
      },
      {
        "property1": {
          "href": "http://www.thcfinder.com/marijuana-dispensary/california/san+bernardino/natures-cure-/",
          "text": "NATURES CURE"
        },
        "property2": [
          "3227 N. E Street",
          "san bernardino",
          "92405",
          "California",
          "(909) 886-4681"
        ],
        "property3": ""
      },
      {
        "property1": {
          "href": "http://www.thcfinder.com/marijuana-dispensary/california/san+pedro+ave/star-buds-house-of-10g/",
          "text": "Star Buds HOUSE OF $10g"
        },
        "property2": [
          "128 S. Pacific Ave #C",
          "San Pedro Ave",
          "90731",
          "California",
          "424 287 2058"
        ],
        "property3": ""
      },
      {
        "property1": {
          "href": "http://www.thcfinder.com/marijuana-dispensary/california/riverside/home-of-the-el-chapo-og/",
          "text": "HOME OF THE \"EL CHAPO OG\""
        },
        "property2": [
          "5547 Mission Blvd",
          "Riverside",
          "92509",
          "California",
          "(951) 823-0086"
        ],
        "property3": ""
      },
      {
        "property1": {
          "href": "http://www.thcfinder.com/marijuana-dispensary/california/oakland/herbal-wellness-center-ca/",
          "text": "Herbal Wellness Center CA"
        },
        "property2": [
          "1921 Martin Luther King Junior Way, Berkeley CA",
          "Oakland",
          "94703",
          "California",
          "(510) 922-9825"
        ],
        "property3": ""
      },
      {
        "property1": {
          "href": "http://www.thcfinder.com/marijuana-dispensary/washington/tacoma/8th-wonder/",
          "text": "8th Wonder"
        },
        "property2": [
          "11220 Pacific Ave S",
          "tacoma",
          "98444",
          "Washington",
          "(253) 314-5103"
        ],
        "property3": ""
      },
      {
        "property1": {
          "href": "http://www.thcfinder.com/marijuana-dispensary/california/anaheim/anaheim-patient-care-ftp-5g-8th-walk-in-/",
          "text": "ANAHEIM PATIENT CARE! FTP 5G 8TH!! WALK IN ***"
        },
        "property2": [
          "1671 W. Katella Ave. Suite #135",
          "Anaheim",
          "92802",
          "California",
          "714-876-2709"
        ],
        "property3": ""
      },
      {
        "property1": {
          "href": "http://www.thcfinder.com/marijuana-dispensary/california/santa+ana/bristol-pharms-ftp-6-gram-1-8th-/",
          "text": "Bristol Pharms FTP 6 GRAM 1/8TH"
        },
        "property2": [
          "2911 South Bristol",
          "Santa Ana",
          "92704",
          "California",
          "562-505-0611"
        ],
        "property3": ""
      },
      {
        "property1": {
          "href": "http://www.thcfinder.com/marijuana-dispensary/california/santa+ana/40-cap-grasshopper-ftp-5g-1-8-grams-start-at-5-a-gram-capped-at-15/",
          "text": "40 Cap Grasshopper (FTP 5G 1/8) GRAMS START AT $5 a gram!!! capped at $15"
        },
        "property2": [
          "2112 E 4th Street, #220",
          "Santa Ana",
          "92705",
          "California",
          "714-425-0121"
        ],
        "property3": ""
      },
      {
        "property1": {
          "href": "http://www.thcfinder.com/marijuana-dispensary/california/vista/tree-house-collective/",
          "text": "Tree House Collective"
        },
        "property2": [
          "1526 S. Santa Fe Unit B",
          "Vista",
          "92084",
          "California",
          "760-631-6900"
        ],
        "property3": ""
      },
      {
        "property1": {
          "href": "http://www.thcfinder.com/marijuana-dispensary/california/vista/connoisseurs-club-store-front-walk-in-only/",
          "text": "Connoisseurs Club - Store Front Walk in only"
        },
        "property2": [
          "631 S Santa Fe Ave",
          "Vista",
          "92083",
          "California",
          "760-518-0125"
        ],
        "property3": ""
      },
      {
        "property1": {
          "href": "http://www.thcfinder.com/marijuana-dispensary/california/van+nuys/house-of-clones-/",
          "text": "House Of Clones"
        },
        "property2": [
          "7826 Balboa Blvd",
          "Van nuys",
          "91406",
          "California",
          "818-988-9907"
        ],
        "property3": ""
      },
      {
        "property1": {
          "href": "http://www.thcfinder.com/marijuana-dispensary/california/los+angeles/vermont-medical/",
          "text": "VERMONT MEDICAL"
        },
        "property2": [
          "5411 S. Vermont Ave",
          "Los Angeles",
          "90037",
          "California",
          "323-778-8171"
        ],
        "property3": ""
      }
    ]
  }
}